INSERT INTO State(nameState) VALUES ('Acre');
INSERT INTO State(nameState) VALUES ('Alagoas');
INSERT INTO State(nameState) VALUES ('Amapá');
INSERT INTO State(nameState) VALUES ('Amazonas');
INSERT INTO State(nameState) VALUES ('Bahia');
INSERT INTO State(nameState) VALUES ('Ceará');
INSERT INTO State(nameState) VALUES ('Distrito Federal');
INSERT INTO State(nameState) VALUES ('Espírito Santo');
INSERT INTO State(nameState) VALUES ('Goiás');
INSERT INTO State(nameState) VALUES ('Maranhão');
INSERT INTO State(nameState) VALUES ('Mato Grosso');
INSERT INTO State(nameState) VALUES ('Mato Grosso do Sul');
INSERT INTO State(nameState) VALUES ('Minas Gerais');
INSERT INTO State(nameState) VALUES ('Pará');
INSERT INTO State(nameState) VALUES ('Paraíba');
INSERT INTO State(nameState) VALUES ('Paraná');
INSERT INTO State(nameState) VALUES ('Pernambuco');
INSERT INTO State(nameState) VALUES ('Piauí');
INSERT INTO State(nameState) VALUES ('Rio de Janeiro');
INSERT INTO State(nameState) VALUES ('Rio Grande do Norte');
INSERT INTO State(nameState) VALUES ('Rio Grande do Sul');
INSERT INTO State(nameState) VALUES ('Rondônia');
INSERT INTO State(nameState) VALUES ('Roraima');
INSERT INTO State(nameState) VALUES ('Santa Catarina');
INSERT INTO State(nameState) VALUES ('São Paulo');
INSERT INTO State(nameState) VALUES ('Sergipe');
INSERT INTO State(nameState) VALUES ('Tocantins');


INSERT INTO City(nameCity,State_nameState) VALUES ('Abadia de Goiás','Goiás');
INSERT INTO City(nameCity,State_nameState) VALUES ('Abadia dos Dourados','Minas Gerais');
INSERT INTO City(nameCity,State_nameState) VALUES ('Abadiânia','Goiás');
INSERT INTO City(nameCity,State_nameState) VALUES ('Abaeté','Minas Gerais');
INSERT INTO City(nameCity,State_nameState) VALUES ('Abaetetuba','Pará');
INSERT INTO City(nameCity,State_nameState) VALUES ('Abaiara','Ceará');
INSERT INTO City(nameCity,State_nameState) VALUES ('Abaíra','Bahia');
INSERT INTO City(nameCity,State_nameState) VALUES ('Abaré','Bahia');
INSERT INTO City(nameCity,State_nameState) VALUES ('Abatiá','Paraná');
INSERT INTO City(nameCity,State_nameState) VALUES ('Abdon Batista','Santa Catarina');
INSERT INTO City(nameCity,State_nameState) VALUES ('Abel Figueiredo','Pará');
INSERT INTO City(nameCity,State_nameState) VALUES ('Abelardo Luz','Santa Catarina');
INSERT INTO City(nameCity,State_nameState) VALUES ('Abre Campo','Minas Gerais');
INSERT INTO City(nameCity,State_nameState) VALUES ('Abreu e Lima','Pernambuco');
INSERT INTO City(nameCity,State_nameState) VALUES ('Abreulândia','Tocantins');
INSERT INTO City(nameCity,State_nameState) VALUES ('Acaiaca','Minas Gerais');
INSERT INTO City(nameCity,State_nameState) VALUES ('Açailândia','Maranhão');
INSERT INTO City(nameCity,State_nameState) VALUES ('Acajutiba','Bahia');
INSERT INTO City(nameCity,State_nameState) VALUES ('Acará','Pará');
INSERT INTO City(nameCity,State_nameState) VALUES ('Acarape','Ceará');
INSERT INTO City(nameCity,State_nameState) VALUES ('Acaraú','Ceará');
INSERT INTO City(nameCity,State_nameState) VALUES ('Acari','Rio Grande do Norte');
INSERT INTO City(nameCity,State_nameState) VALUES ('Acauã','Piauí');
INSERT INTO City(nameCity,State_nameState) VALUES ('Aceguá','Rio Grande do Sul');
INSERT INTO City(nameCity,State_nameState) VALUES ('Acopiara','Ceará');
INSERT INTO City(nameCity,State_nameState) VALUES ('Acorizal','Mato Grosso');
INSERT INTO City(nameCity,State_nameState) VALUES ('Acrelândia','Acre');

INSERT INTO Brand(nameBrand) VALUES ('AMD');
INSERT INTO Brand(nameBrand) VALUES ('NVIDIA');
INSERT INTO Brand(nameBrand) VALUES ('Intel');

INSERT INTO EmployeeType(idEmployeeType, nameEmployeeType) VALUES (1, 'MANAGER');
INSERT INTO EmployeeType(idEmployeeType, nameEmployeeType) VALUES (2, 'COMMON');

INSERT INTO ServiceStatus(idServiceStatus, nameServiceStatus) VALUES (1, 'ON_ESTIMATE');
INSERT INTO ServiceStatus(idServiceStatus, nameServiceStatus) VALUES (2, 'WAITING_FOR_APPROVAL');
INSERT INTO ServiceStatus(idServiceStatus, nameServiceStatus) VALUES (3, 'WAITING_PAYMENT');
INSERT INTO ServiceStatus(idServiceStatus, nameServiceStatus) VALUES (4, 'WAITING_FOR_WITHDRAWAL');
INSERT INTO ServiceStatus(idServiceStatus, nameServiceStatus) VALUES (5, 'REFUSED');
INSERT INTO ServiceStatus(idServiceStatus, nameServiceStatus) VALUES (6, 'RUNNING');
INSERT INTO ServiceStatus(idServiceStatus, nameServiceStatus) VALUES (7, 'DONE');
